{"cameraMode":{"drawMode":0,"name":"Shaded","section":"Shading Mode"},"sceneLighting":true,"audioPlay":false,"sceneViewState":{"showFog":true,"showMaterialUpdate":false,"showSkybox":true,"showFlares":true,"showImageEffects":true,"showParticleSystems":true},"in2DMode":false,"pivot":{"x":-3.208768844604492,"y":3.233236789703369,"z":-5.079629421234131},"rotation":{"x":0.17303414642810822,"y":0.03161170706152916,"z":-0.00555663974955678,"w":0.9843927025794983},"size":5.275056838989258,"orthographic":true}